-- MySQL dump 10.13  Distrib 8.0.12, for Win64 (x86_64)
--
-- Host: localhost    Database: naruto
-- ------------------------------------------------------
-- Server version	8.0.12

/*!40101 SET @OLD_CHARACTER_SET_CLIENT=@@CHARACTER_SET_CLIENT */;
/*!40101 SET @OLD_CHARACTER_SET_RESULTS=@@CHARACTER_SET_RESULTS */;
/*!40101 SET @OLD_COLLATION_CONNECTION=@@COLLATION_CONNECTION */;
 SET NAMES utf8 ;
/*!40103 SET @OLD_TIME_ZONE=@@TIME_ZONE */;
/*!40103 SET TIME_ZONE='+00:00' */;
/*!40014 SET @OLD_UNIQUE_CHECKS=@@UNIQUE_CHECKS, UNIQUE_CHECKS=0 */;
/*!40014 SET @OLD_FOREIGN_KEY_CHECKS=@@FOREIGN_KEY_CHECKS, FOREIGN_KEY_CHECKS=0 */;
/*!40101 SET @OLD_SQL_MODE=@@SQL_MODE, SQL_MODE='NO_AUTO_VALUE_ON_ZERO' */;
/*!40111 SET @OLD_SQL_NOTES=@@SQL_NOTES, SQL_NOTES=0 */;

--
-- Table structure for table `дело`
--

DROP TABLE IF EXISTS `дело`;
/*!40101 SET @saved_cs_client     = @@character_set_client */;
 SET character_set_client = utf8mb4 ;
CREATE TABLE `дело` (
  `id_delo` int(11) NOT NULL,
  `Номер_дела` int(11) DEFAULT NULL,
  `Дата_возбуждения` date DEFAULT NULL,
  `Статья` int(11) DEFAULT NULL,
  `Орган_id_organ` int(11) NOT NULL,
  PRIMARY KEY (`id_delo`),
  KEY `fk_Дело_Орган1_idx` (`Орган_id_organ`),
  CONSTRAINT `fk_Дело_Орган1` FOREIGN KEY (`Орган_id_organ`) REFERENCES `орган` (`id_organ`)
) ENGINE=InnoDB DEFAULT CHARSET=utf8;
/*!40101 SET character_set_client = @saved_cs_client */;

--
-- Dumping data for table `дело`
--

LOCK TABLES `дело` WRITE;
/*!40000 ALTER TABLE `дело` DISABLE KEYS */;
INSERT INTO `дело` VALUES (1,9675434,'2016-10-03',105,5),(2,2542123,'2016-10-04',119,14),(3,235345,'2016-10-05',105,38),(4,465345,'2016-11-03',105,22),(5,457546,'2016-11-21',105,3),(6,345234,'2016-12-01',105,28),(7,23059,'2016-12-03',119,25),(8,234912,'2016-12-08',119,35),(9,54367,'2016-12-14',119,1),(10,3429,'2016-12-16',228,8),(11,34532,'2016-12-17',228,23),(12,3421,'2016-12-20',228,36),(13,345567,'2017-01-04',131,2),(14,23534,'2017-01-06',131,13),(15,12345,'2017-01-12',131,16),(16,54734,'2017-01-13',131,27),(17,32564,'2017-01-14',131,19),(18,65845,'2017-01-20',131,32),(19,23434,'2017-02-08',131,5),(20,65743,'2017-02-22',131,23),(21,2345,'2017-03-03',159,40),(22,768967,'2017-03-05',159,16),(23,3453,'2017-03-07',159,7),(24,678789,'2017-03-08',159,31),(25,3452,'2017-03-10',159,11),(26,6843,'2016-09-25',159,37),(27,23556,'2016-10-04',159,9),(28,789,'2016-10-06',159,2),(29,2357,'2016-10-11',159,34),(30,879087,'2016-10-13',159,28),(31,123,'2016-10-16',159,18),(32,67854,'2016-10-17',159,4),(33,435456,'2016-09-26',159,22),(34,4362,'2016-10-17',167,33),(35,785764,'2016-10-20',167,5),(36,234,'2016-10-17',167,26),(37,24513,'2016-10-28',167,34),(38,78945,'2016-10-28',167,37),(39,36789,'2016-11-03',167,3),(40,230980,'2016-11-08',167,39),(41,54645,'2016-12-31',167,15),(42,76856,'2016-12-31',119,1),(43,470,'2016-12-31',119,28),(44,34590,'2016-11-28',119,35),(45,67834,'2016-12-18',119,8),(46,58678,'2017-01-29',105,28),(47,5468,'2017-02-15',105,29),(48,9851,'2017-03-03',105,7),(49,537,'2017-03-22',105,31),(50,1598,'2017-03-28',105,36);
/*!40000 ALTER TABLE `дело` ENABLE KEYS */;
UNLOCK TABLES;

--
-- Table structure for table `документ`
--

DROP TABLE IF EXISTS `документ`;
/*!40101 SET @saved_cs_client     = @@character_set_client */;
 SET character_set_client = utf8mb4 ;
CREATE TABLE `документ` (
  `id_dokumenta` int(11) NOT NULL,
  `Наименование` varchar(45) DEFAULT NULL,
  `Дата_составления` date DEFAULT NULL,
  `Работник_id_rabotnik` int(11) NOT NULL,
  `Работник_Орган_id_organ` int(11) NOT NULL,
  `Эксперт_id_expert` int(11) NOT NULL,
  PRIMARY KEY (`id_dokumenta`,`Работник_id_rabotnik`,`Работник_Орган_id_organ`,`Эксперт_id_expert`),
  KEY `fk_Документ_Работник1_idx` (`Работник_id_rabotnik`,`Работник_Орган_id_organ`),
  KEY `fk_Документ_Эксперт1_idx` (`Эксперт_id_expert`),
  CONSTRAINT `fk_Документ_Работник1` FOREIGN KEY (`Работник_id_rabotnik`, `Работник_Орган_id_organ`) REFERENCES `работник` (`id_rabotnik`, `орган_id_organ`),
  CONSTRAINT `fk_Документ_Эксперт1` FOREIGN KEY (`Эксперт_id_expert`) REFERENCES `эксперт` (`id_expert`)
) ENGINE=InnoDB DEFAULT CHARSET=utf8;
/*!40101 SET character_set_client = @saved_cs_client */;

--
-- Dumping data for table `документ`
--

LOCK TABLES `документ` WRITE;
/*!40000 ALTER TABLE `документ` DISABLE KEYS */;
INSERT INTO `документ` VALUES (1,'Постановление','2017-04-18',43,9,1),(2,'Определение','2017-04-29',42,19,4),(3,'Постановление','2017-04-30',45,22,7),(4,'Определение','2017-05-12',49,37,10),(5,'Постановление','2017-05-12',46,10,15),(6,'Постановление','2017-05-29',47,10,18),(7,'Определение','2017-06-08',50,39,20),(8,'Определение','2017-06-22',52,6,2),(9,'Определение','2017-06-22',55,40,5),(10,'Постановление','2017-06-30',48,23,8),(11,'Определение','2017-07-09',57,2,12),(12,'Постановление','2017-07-10',51,7,14),(13,'Определение','2017-07-12',59,14,18),(14,'Определение','2017-07-14',61,5,19),(15,'Определение','2017-07-14',62,8,3),(16,'Постановление','2017-07-15',53,9,5),(17,'Определение','2017-07-22',63,24,11),(18,'Постановление','2017-07-29',54,4,13),(19,'Определение','2017-08-03',64,3,16),(20,'Постановление','2017-08-06',56,36,20),(21,'Постановление','2017-08-10',58,11,17),(22,'Постановление','2017-08-10',65,35,8),(23,'Определение','2017-08-15',2,9,2),(24,'Определение','2017-08-18',3,5,6),(25,'Постановление','2017-08-24',1,1,15),(26,'Определение','2017-08-30',4,11,12),(27,'Постановление','2017-09-06',5,17,18),(28,'Постановление','2017-09-15',8,2,13),(29,'Постановление','2017-09-19',9,18,7),(30,'Определение','2017-09-19',6,19,5),(31,'Определение','2017-09-22',7,12,19),(32,'Постановление','2017-09-24',10,13,2),(33,'Постановление','2017-09-30',12,20,20),(34,'Определение','2017-10-01',11,22,1),(35,'Определение','2017-10-03',15,21,9),(36,'Постановление','2017-10-05',13,3,10),(37,'Определение','2017-10-10',19,29,15),(38,'Определение','2017-10-15',21,28,18),(39,'Определение','2017-10-19',25,32,13),(40,'Определение','2017-11-12',29,25,4),(41,'Постановление','2017-11-17',16,23,6),(42,'Постановление','2017-11-20',17,15,20),(43,'Определение','2017-11-20',34,16,17),(44,'Определение','2017-11-23',36,18,5),(45,'Определение','2017-12-08',37,15,2),(46,'Постановление','2017-12-17',33,13,12),(47,'Постановление','2017-12-28',35,8,16),(48,'Постановление','2018-01-04',38,38,19),(49,'Определение','2018-01-09',40,17,4),(50,'Постановление','2018-01-14',44,1,6);
/*!40000 ALTER TABLE `документ` ENABLE KEYS */;
UNLOCK TABLES;

--
-- Table structure for table `орган`
--

DROP TABLE IF EXISTS `орган`;
/*!40101 SET @saved_cs_client     = @@character_set_client */;
 SET character_set_client = utf8mb4 ;
CREATE TABLE `орган` (
  `id_organ` int(11) NOT NULL,
  `Наименование` varchar(45) DEFAULT NULL,
  `Улица` varchar(45) DEFAULT NULL,
  `Номер_дома` int(11) DEFAULT NULL,
  `Телефон` int(11) DEFAULT NULL,
  PRIMARY KEY (`id_organ`)
) ENGINE=InnoDB DEFAULT CHARSET=utf8;
/*!40101 SET character_set_client = @saved_cs_client */;

--
-- Dumping data for table `орган`
--

LOCK TABLES `орган` WRITE;
/*!40000 ALTER TABLE `орган` DISABLE KEYS */;
INSERT INTO `орган` VALUES (1,'Бабушкинский районный суд','Ивана Франко',23,4563124),(2,'Басманный районный суд','Мосфильмовский пер',55,6548790),(3,'Гагаринский районный суд','Бажова',67,1876543),(4,'Дорогомиловский районный суд','Енисейская',88,7896545),(5,'Зеленоградский районный суд','Бажова',11,3245675),(6,'Измайловский районный суд','Новоалексеевская',60,4310945),(7,'Кузьминский районный суд','Декабристов',2,2341234),(8,'Лефортовский районный суд','Олонецкая',23,8905647),(9,'Нагатинский районный суд','Руставели',6,2351054),(10,'Останкинский районный суд','Ленинградский пр',4,1626425),(11,'Преображенский районный суд','Путейская',7,3543623),(12,'Савеловский районный суд','Соболевский пр-д',5,5654734),(13,'Солнцевский районный суд','Путейская',43,4574576),(14,'Тверской районный суд','Учинская',67,5463445),(15,'Троицкий районный суд','Маленковская',6,4573624),(16,'Хамовнический районный суд','Суворовская',45,5467568),(17,'Черёмушкинский районный суд','Бойцовая',98,3465436),(18,'Щербинский районный суд','Открытое шоссе',78,3464562),(19,'Бутырский районный суд','Уссурийская',5,7890988),(20,'Головинский районный суд','Мироновская',24,6575633),(21,'Замоскворецкий районный суд','Нижняя Первомайская',65,8796784),(22,'Зюзинский районный суд','Измайловский бульвар',98,3465457),(23,'Коптевский районный суд','Б.Косинская',9,7894576),(24,'Кунцевский районный суд','Салтыковская',1,4578794),(25,'Люблинский районный суд','Молостовых',78,5867956),(26,'Московский городской суд','Красный Казанец',36,2345230),(27,'Никулинский районный суд','Ленинский проспект',14,6795673),(28,'Перовский районный суд','Б. Полянка',4,7683658),(29,' Пресненский районный суд','Новолужнецкий пр-д',77,5368087),(30,'Симоновский районный суд','Средняя Калитниковская',7,4157080),(31,'ОВД по району Арбат','Кривоарбатский пер',25,2474345),(32,'ОВД по Басманному району','Н. Басманная',54,5462688),(33,'ОВД по району Замоскворечье','Пятницкая',32,5534513),(34,'ОВД территории с особым статусом Китай-город','Ильинка',56,5656846),(35,'ОВД по Красносельскому району','Сретенка',6,1346579),(36,'ОВД по Мещанскому району','Литвина-Седого',23,6749980),(37,'ОВД по Пресненскому району','Краснопресненская наб',34,4516568),(38,'ОВД по Таганскому району','Ведерников пер',12,9578939),(39,'ОВД по Тверскому району','Б. Дмитровка',67,2577645),(40,'ОВД по району Хамовники','Усачева',56,5683634);
/*!40000 ALTER TABLE `орган` ENABLE KEYS */;
UNLOCK TABLES;

--
-- Table structure for table `работник`
--

DROP TABLE IF EXISTS `работник`;
/*!40101 SET @saved_cs_client     = @@character_set_client */;
 SET character_set_client = utf8mb4 ;
CREATE TABLE `работник` (
  `id_rabotnik` int(11) NOT NULL,
  `Фамилия` varchar(45) DEFAULT NULL,
  `Имя` varchar(45) DEFAULT NULL,
  `Отчество` varchar(45) DEFAULT NULL,
  `Должность` varchar(45) DEFAULT NULL,
  `Служебный_телефон` int(11) DEFAULT NULL,
  `Орган_id_organ` int(11) NOT NULL,
  PRIMARY KEY (`id_rabotnik`,`Орган_id_organ`),
  KEY `fk_Работник_Учреждение_idx` (`Орган_id_organ`),
  CONSTRAINT `fk_Работник_Учреждение` FOREIGN KEY (`Орган_id_organ`) REFERENCES `орган` (`id_organ`)
) ENGINE=InnoDB DEFAULT CHARSET=utf8;
/*!40101 SET character_set_client = @saved_cs_client */;

--
-- Dumping data for table `работник`
--

LOCK TABLES `работник` WRITE;
/*!40000 ALTER TABLE `работник` DISABLE KEYS */;
INSERT INTO `работник` VALUES (1,'Пестрякова','Людмила','Олеговна','Следователь',5625453,1),(2,'Акилина','Надежда','Алесеевна','Судья',4645756,9),(3,'Прокудина','Елизавета','Евгеньевна','Судья',3563433,5),(4,'Липина','Надежда','Николаевна','Судья',4565326,11),(5,'Тарасенко','Виктор','Иванович','Следователь',6442655,17),(6,'Логинов','Сергей','Павлович','Судья',5443346,19),(7,'Рязанова','Елена','Сергеевна','Судья',8765323,12),(8,'Скворцова','Анна','Петровна','Дознаватель',8765345,2),(9,'Спиридонова','Таисия','Викторовна','Следователь',6765432,18),(10,'Михайловская','Дарья','Павловна','Дознаватель',5676346,13),(11,'Пикачу','Мария','Анатольевна','Судья',5478754,22),(12,'Лукьянова','Софья','Андреевна','Следователь',8764655,20),(13,'Ланчава','Анна','Владимировна','Дознаватель',6574564,3),(14,'Песикова','Марина','Эдуардовна','Дознаватель',3464444,14),(15,'Карев','Дмитрий','Узберович','Судья',8765408,21),(16,'Телефонов','Андрей','Петрович','Следователь',7654333,23),(17,'Романов','Анатолий','Игоревич','Дознаватель',7654346,15),(18,'Котельников','Сергей','Михайлович','Следователь',9876546,4),(19,'Федоров','Эдуард','Федорович','Судья',7654245,29),(20,'Федосеев','Аркадий','Вальрьевич','Дознаватель',5643344,30),(21,'Шишков','Вячеслав','Витальевич','Судья',3456787,28),(22,'Пряников','Валерий','Павлович','Дознаватель',5678876,31),(23,'Прямиков','Дмитрий','Владиславович','Дознаватель',5675443,5),(24,'Коллинз','Михаил','Сергеевич','Следователь',9876543,27),(25,'Падалеки','Джаред','Иванович','Судья',3456778,32),(26,'Эклз','Дженсен','Анатольевич','Дознаватель',8765443,26),(27,'Хабенский','Константин','Викторович','Следователь',8709877,33),(28,'Гагарин','Юрий','Константинович','Дознаватель',3467900,6),(29,'Стрелкин','Сергей','Иванович','Судья',7867676,25),(30,'Белкин','Мирослав','Арбекович','Следователь',2352235,34),(31,'Стрелков','Павел','Павлович','Дознаватель',4367555,16),(32,'Абажуров','Игорь','Анатольевич','Дознаватель',3465673,20),(33,'Марценюк','Максим','Петрович','Следователь',6587698,13),(34,'Пукин','Михаил','Тарасович','Судья',5887980,16),(35,'Сахаров','Виктор','Васильевич','Следователь',6785745,8),(36,'Федюнина','Ольга','Александрова','Судья',4575444,18),(37,'Андреева','Кира','Сергеевна','Судья',9865356,15),(38,'Клейменова','Дарья','Владимировна','Следователь',3464788,38),(39,'Аблязова','Анна','Эдуардовна','Судья',3453464,21),(40,'Абузяров','Аркадий','Аркадьевич','Судья',4624633,17),(41,'Косырьков','Акакий','Акакьевич','Следователь',2455467,7),(42,'Трусин','Виктор','Михайлович','Судья',4364364,19),(43,'Тупиков','Петр','Александрович','Следователь',7543467,9),(44,'Малахов','Вячеслав','Иванович','Дознаватель',4563465,1),(45,'Галкин','Максим','Максимович','Дознаватель',3444445,22),(46,'Орбакайте','Кристина','Петровна','Следователь',4367443,10),(47,'Пугачева','Алла','Григорьевна','Дознаватель',8569000,10),(48,'Басков','Николай','Николаевич','Дознаватель',2645758,23),(49,'Киркоров','Филипп','Бедросович','Судья',3464735,37),(50,'Николаев','Игорь','Николаевич','Судья',3467898,39),(51,'Меладзе','Валерий','Константинович','Дознаватель',6467885,7),(52,'Козловский','Даниил','Олегович','Судья',5624444,6),(53,'Охлобыстин','Иван','Анатольевич','Следователь',3466788,9),(54,'Пека','Григорий','Максимович','Дознаватель',4626843,4),(55,'Попов','Василий','Михайлович','Судья',4366432,40),(56,'Абакумов','Артем','Артемович','Следователь',2455478,36),(57,'Крепкий','Константин','Михайлович','Судья',4575634,2),(58,'Сунгатулин','Лев','Васильевч','Дознаватель',4576455,11),(59,'Гальчук','Юлия','Степановна','Судья',9756424,14),(60,'Кочнева','Мария','Алексеевна','Дознаватель',4687684,12),(61,'Лобынцев','Александр','Викторович','Судья',5473467,5),(62,'Багин','Александр','Сергеевич','Судья',3464573,8),(63,'Калинина','Ксения','Юрьевна','Судья',2352564,24),(64,'Антонова','Алевтина','Владимировна','Судья',4613564,3),(65,'Рыбников','Петр','Павлович','Следователь',1256245,35);
/*!40000 ALTER TABLE `работник` ENABLE KEYS */;
UNLOCK TABLES;

--
-- Table structure for table `судебные экспертизы`
--

DROP TABLE IF EXISTS `судебные экспертизы`;
/*!40101 SET @saved_cs_client     = @@character_set_client */;
 SET character_set_client = utf8mb4 ;
CREATE TABLE `судебные экспертизы` (
  `id_expertiza` int(11) NOT NULL,
  `Вид экспертизы` varchar(45) DEFAULT NULL,
  `Дата начала производства` date DEFAULT NULL,
  `Эксперт_id_expert` int(11) NOT NULL,
  PRIMARY KEY (`id_expertiza`,`Эксперт_id_expert`),
  KEY `fk_Судебные экспертизы_Эксперт1_idx` (`Эксперт_id_expert`),
  CONSTRAINT `fk_Судебные экспертизы_Эксперт1` FOREIGN KEY (`Эксперт_id_expert`) REFERENCES `эксперт` (`id_expert`)
) ENGINE=InnoDB DEFAULT CHARSET=utf8;
/*!40101 SET character_set_client = @saved_cs_client */;

--
-- Dumping data for table `судебные экспертизы`
--

LOCK TABLES `судебные экспертизы` WRITE;
/*!40000 ALTER TABLE `судебные экспертизы` DISABLE KEYS */;
INSERT INTO `судебные экспертизы` VALUES (1,'Пожарно-техническая','2016-11-01',8),(2,'Строительно-техническая','2017-04-05',9),(3,'Электротехническая','2017-08-16',2),(4,'Компьютерно-техническая','2018-01-15',7),(5,'Автотехническая','2018-05-31',1),(6,'Авиационно-техническая','2018-04-25',6),(7,'Железнодорожно-техническая','2018-03-02',10),(8,'Технологическая','2018-03-02',19),(9,'Товароведческая','2018-03-04',5),(10,'Бухгалтерская','2018-03-09',11),(11,'Финансово-экономическая','2018-03-11',18),(12,'Инженерно-экономическая','2018-03-16',20),(13,'Ботаническая','2018-03-21',4),(14,'Зоологическая','2018-03-29',12),(15,'Почвоведческая','2018-04-05',16),(16,'Судебно-медицинская','2018-04-07',13),(17,'Судебно-психиатрическая','2018-04-07',3),(18,'Автороведческая','2018-04-10',17),(19,'Баллистическая','2018-04-13',14),(20,'Почерковедческая','2018-04-24',2),(21,'Портретная','2018-05-10',15),(22,'Дактилоскопическая','2018-06-05',1);
/*!40000 ALTER TABLE `судебные экспертизы` ENABLE KEYS */;
UNLOCK TABLES;

--
-- Table structure for table `эксперт`
--

DROP TABLE IF EXISTS `эксперт`;
/*!40101 SET @saved_cs_client     = @@character_set_client */;
 SET character_set_client = utf8mb4 ;
CREATE TABLE `эксперт` (
  `id_expert` int(11) NOT NULL,
  `Фамилия` varchar(45) DEFAULT NULL,
  `Имя` varchar(45) DEFAULT NULL,
  `Опыт_работы` varchar(45) DEFAULT NULL,
  `Служебный_телефон` int(11) DEFAULT NULL,
  PRIMARY KEY (`id_expert`)
) ENGINE=InnoDB DEFAULT CHARSET=utf8;
/*!40101 SET character_set_client = @saved_cs_client */;

--
-- Dumping data for table `эксперт`
--

LOCK TABLES `эксперт` WRITE;
/*!40000 ALTER TABLE `эксперт` DISABLE KEYS */;
INSERT INTO `эксперт` VALUES (1,'Узумаки','Наруто','3',4673433),(2,'Учиха','Саске','5',3442245),(3,'Харуно','Сакура','5',4534666),(4,'Хатаке','Какаши','15',4673563),(5,'Минато','Намикадзе','25',5462223),(6,'Узумаки','Кушина','25',2355345),(7,'Хьюга','Неджи','10',3464564),(8,'Хьюга','Хината','9',2454678),(9,'Учиха','Итачи','20',6735543),(10,'Умино','Ирука','6',8563445),(11,'Нара','Шикамару','5',4362222),(12,'Нара','Темари','5',4574562),(13,'Узумаки','Боруто','2',4578673),(14,'Учиха','Мадара','30',5432222),(15,'Яманака','Ино','5',6756864),(16,'Майто','Гай','25',6452344),(17,'Рок','Ли','2',6445323),(18,'Сарутоби','Хирузен','35',4562344),(19,'Сарутоби','Асума','15',4352345),(20,'Сарутоби','Куренай','12',4367134);
/*!40000 ALTER TABLE `эксперт` ENABLE KEYS */;
UNLOCK TABLES;
/*!40103 SET TIME_ZONE=@OLD_TIME_ZONE */;

/*!40101 SET SQL_MODE=@OLD_SQL_MODE */;
/*!40014 SET FOREIGN_KEY_CHECKS=@OLD_FOREIGN_KEY_CHECKS */;
/*!40014 SET UNIQUE_CHECKS=@OLD_UNIQUE_CHECKS */;
/*!40101 SET CHARACTER_SET_CLIENT=@OLD_CHARACTER_SET_CLIENT */;
/*!40101 SET CHARACTER_SET_RESULTS=@OLD_CHARACTER_SET_RESULTS */;
/*!40101 SET COLLATION_CONNECTION=@OLD_COLLATION_CONNECTION */;
/*!40111 SET SQL_NOTES=@OLD_SQL_NOTES */;

-- Dump completed on 2018-09-25 19:05:06
